<application>
  <component name="MavenWrapperMapping">
    <option name="mapping">
      <map>
        <entry key="https://repo.maven.apache.org/maven2/org/apache/maven/apache-maven/3.8.2/apache-maven-3.8.2-bin.zip" value="$USER_HOME$/.m2/wrapper/dists/apache-maven-3.8.2-bin/1um3pu5poco57pibs3g92d6vrf/apache-maven-3.8.2" />
        <entry key="https://repo.maven.apache.org/maven2/org/apache/maven/apache-maven/3.8.4/apache-maven-3.8.4-bin.zip" value="$USER_HOME$/.m2/wrapper/dists/apache-maven-3.8.4-bin/52ccbt68d252mdldqsfsn03jlf/apache-maven-3.8.4" />
        <entry key="https://repo.maven.apache.org/maven2/org/apache/maven/apache-maven/3.8.5/apache-maven-3.8.5-bin.zip" value="$USER_HOME$/.m2/wrapper/dists/apache-maven-3.8.5-bin/5i5jha092a3i37g0paqnfr15e0/apache-maven-3.8.5" />
        <entry key="https://repo.maven.apache.org/maven2/org/apache/maven/apache-maven/3.8.6/apache-maven-3.8.6-bin.zip" value="$USER_HOME$/.m2/wrapper/dists/apache-maven-3.8.6-bin/1ks0nkde5v1pk9vtc31i9d0lcd/apache-maven-3.8.6" />
      </map>
    </option>
  </component>
</application>