<application>
  <component name="BaseRefactoringSettings">
    <option name="SAFE_DELETE_WHEN_DELETE" value="false" />
  </component>
  <component name="RefactoringSettings">
    <option name="EXTRACT_INTERFACE_PREVIEW_USAGES" value="false" />
    <option name="TYPE_COOK_EXHAUSTIVE" value="true" />
    <option name="TYPE_COOK_COOK_OBJECTS" value="true" />
    <option name="TYPE_COOK_PRODUCE_WILDCARDS" value="true" />
    <option name="INTRODUCE_FIELD_VISIBILITY" value="private" />
    <option name="INLINE_METHOD_THIS" value="true" />
    <option name="INTRODUCE_CONSTANT_VISIBILITY" value="public" />
    <option name="INTRODUCE_LOCAL_CREATE_FINALS" value="false" />
    <option name="RENAME_ACCESSORS" value="false" />
  </component>
</application>