<application>
  <component name="ProjectJdkTable">
    <jdk version="2">
      <name value="17" />
      <type value="JavaSDK" />
      <version value="Amazon Corretto version 17.0.4" />
      <homePath value="$USER_HOME$/.sdkman/candidates/java/17.0.4-amzn" />
      <roots>
        <annotationsPath>
          <root type="composite">
            <root url="jar://$APPLICATION_HOME_DIR$/plugins/java/lib/resources/jdkAnnotations.jar!/" type="simple" />
          </root>
        </annotationsPath>
        <classPath>
          <root type="composite">
            <root url="jrt:///home/tobiasz/.sdkman/candidates/java/17.0.4-amzn!/java.base" type="simple" />
            <root url="jrt:///home/tobiasz/.sdkman/candidates/java/17.0.4-amzn!/java.compiler" type="simple" />
            <root url="jrt:///home/tobiasz/.sdkman/candidates/java/17.0.4-amzn!/java.datatransfer" type="simple" />
            <root url="jrt:///home/tobiasz/.sdkman/candidates/java/17.0.4-amzn!/java.desktop" type="simple" />
            <root url="jrt:///home/tobiasz/.sdkman/candidates/java/17.0.4-amzn!/java.instrument" type="simple" />
            <root url="jrt:///home/tobiasz/.sdkman/candidates/java/17.0.4-amzn!/java.logging" type="simple" />
            <root url="jrt:///home/tobiasz/.sdkman/candidates/java/17.0.4-amzn!/java.management" type="simple" />
            <root url="jrt:///home/tobiasz/.sdkman/candidates/java/17.0.4-amzn!/java.management.rmi" type="simple" />
            <root url="jrt:///home/tobiasz/.sdkman/candidates/java/17.0.4-amzn!/java.naming" type="simple" />
            <root url="jrt:///home/tobiasz/.sdkman/candidates/java/17.0.4-amzn!/java.net.http" type="simple" />
            <root url="jrt:///home/tobiasz/.sdkman/candidates/java/17.0.4-amzn!/java.prefs" type="simple" />
            <root url="jrt:///home/tobiasz/.sdkman/candidates/java/17.0.4-amzn!/java.rmi" type="simple" />
            <root url="jrt:///home/tobiasz/.sdkman/candidates/java/17.0.4-amzn!/java.scripting" type="simple" />
            <root url="jrt:///home/tobiasz/.sdkman/candidates/java/17.0.4-amzn!/java.se" type="simple" />
            <root url="jrt:///home/tobiasz/.sdkman/candidates/java/17.0.4-amzn!/java.security.jgss" type="simple" />
            <root url="jrt:///home/tobiasz/.sdkman/candidates/java/17.0.4-amzn!/java.security.sasl" type="simple" />
            <root url="jrt:///home/tobiasz/.sdkman/candidates/java/17.0.4-amzn!/java.smartcardio" type="simple" />
            <root url="jrt:///home/tobiasz/.sdkman/candidates/java/17.0.4-amzn!/java.sql" type="simple" />
            <root url="jrt:///home/tobiasz/.sdkman/candidates/java/17.0.4-amzn!/java.sql.rowset" type="simple" />
            <root url="jrt:///home/tobiasz/.sdkman/candidates/java/17.0.4-amzn!/java.transaction.xa" type="simple" />
            <root url="jrt:///home/tobiasz/.sdkman/candidates/java/17.0.4-amzn!/java.xml" type="simple" />
            <root url="jrt:///home/tobiasz/.sdkman/candidates/java/17.0.4-amzn!/java.xml.crypto" type="simple" />
            <root url="jrt:///home/tobiasz/.sdkman/candidates/java/17.0.4-amzn!/jdk.accessibility" type="simple" />
            <root url="jrt:///home/tobiasz/.sdkman/candidates/java/17.0.4-amzn!/jdk.attach" type="simple" />
            <root url="jrt:///home/tobiasz/.sdkman/candidates/java/17.0.4-amzn!/jdk.charsets" type="simple" />
            <root url="jrt:///home/tobiasz/.sdkman/candidates/java/17.0.4-amzn!/jdk.compiler" type="simple" />
            <root url="jrt:///home/tobiasz/.sdkman/candidates/java/17.0.4-amzn!/jdk.crypto.cryptoki" type="simple" />
            <root url="jrt:///home/tobiasz/.sdkman/candidates/java/17.0.4-amzn!/jdk.crypto.ec" type="simple" />
            <root url="jrt:///home/tobiasz/.sdkman/candidates/java/17.0.4-amzn!/jdk.dynalink" type="simple" />
            <root url="jrt:///home/tobiasz/.sdkman/candidates/java/17.0.4-amzn!/jdk.editpad" type="simple" />
            <root url="jrt:///home/tobiasz/.sdkman/candidates/java/17.0.4-amzn!/jdk.hotspot.agent" type="simple" />
            <root url="jrt:///home/tobiasz/.sdkman/candidates/java/17.0.4-amzn!/jdk.httpserver" type="simple" />
            <root url="jrt:///home/tobiasz/.sdkman/candidates/java/17.0.4-amzn!/jdk.incubator.foreign" type="simple" />
            <root url="jrt:///home/tobiasz/.sdkman/candidates/java/17.0.4-amzn!/jdk.incubator.vector" type="simple" />
            <root url="jrt:///home/tobiasz/.sdkman/candidates/java/17.0.4-amzn!/jdk.internal.ed" type="simple" />
            <root url="jrt:///home/tobiasz/.sdkman/candidates/java/17.0.4-amzn!/jdk.internal.jvmstat" type="simple" />
            <root url="jrt:///home/tobiasz/.sdkman/candidates/java/17.0.4-amzn!/jdk.internal.le" type="simple" />
            <root url="jrt:///home/tobiasz/.sdkman/candidates/java/17.0.4-amzn!/jdk.internal.opt" type="simple" />
            <root url="jrt:///home/tobiasz/.sdkman/candidates/java/17.0.4-amzn!/jdk.internal.vm.ci" type="simple" />
            <root url="jrt:///home/tobiasz/.sdkman/candidates/java/17.0.4-amzn!/jdk.internal.vm.compiler" type="simple" />
            <root url="jrt:///home/tobiasz/.sdkman/candidates/java/17.0.4-amzn!/jdk.internal.vm.compiler.management" type="simple" />
            <root url="jrt:///home/tobiasz/.sdkman/candidates/java/17.0.4-amzn!/jdk.jartool" type="simple" />
            <root url="jrt:///home/tobiasz/.sdkman/candidates/java/17.0.4-amzn!/jdk.javadoc" type="simple" />
            <root url="jrt:///home/tobiasz/.sdkman/candidates/java/17.0.4-amzn!/jdk.jcmd" type="simple" />
            <root url="jrt:///home/tobiasz/.sdkman/candidates/java/17.0.4-amzn!/jdk.jconsole" type="simple" />
            <root url="jrt:///home/tobiasz/.sdkman/candidates/java/17.0.4-amzn!/jdk.jdeps" type="simple" />
            <root url="jrt:///home/tobiasz/.sdkman/candidates/java/17.0.4-amzn!/jdk.jdi" type="simple" />
            <root url="jrt:///home/tobiasz/.sdkman/candidates/java/17.0.4-amzn!/jdk.jdwp.agent" type="simple" />
            <root url="jrt:///home/tobiasz/.sdkman/candidates/java/17.0.4-amzn!/jdk.jfr" type="simple" />
            <root url="jrt:///home/tobiasz/.sdkman/candidates/java/17.0.4-amzn!/jdk.jlink" type="simple" />
            <root url="jrt:///home/tobiasz/.sdkman/candidates/java/17.0.4-amzn!/jdk.jpackage" type="simple" />
            <root url="jrt:///home/tobiasz/.sdkman/candidates/java/17.0.4-amzn!/jdk.jshell" type="simple" />
            <root url="jrt:///home/tobiasz/.sdkman/candidates/java/17.0.4-amzn!/jdk.jsobject" type="simple" />
            <root url="jrt:///home/tobiasz/.sdkman/candidates/java/17.0.4-amzn!/jdk.jstatd" type="simple" />
            <root url="jrt:///home/tobiasz/.sdkman/candidates/java/17.0.4-amzn!/jdk.localedata" type="simple" />
            <root url="jrt:///home/tobiasz/.sdkman/candidates/java/17.0.4-amzn!/jdk.management" type="simple" />
            <root url="jrt:///home/tobiasz/.sdkman/candidates/java/17.0.4-amzn!/jdk.management.agent" type="simple" />
            <root url="jrt:///home/tobiasz/.sdkman/candidates/java/17.0.4-amzn!/jdk.management.jfr" type="simple" />
            <root url="jrt:///home/tobiasz/.sdkman/candidates/java/17.0.4-amzn!/jdk.naming.dns" type="simple" />
            <root url="jrt:///home/tobiasz/.sdkman/candidates/java/17.0.4-amzn!/jdk.naming.rmi" type="simple" />
            <root url="jrt:///home/tobiasz/.sdkman/candidates/java/17.0.4-amzn!/jdk.net" type="simple" />
            <root url="jrt:///home/tobiasz/.sdkman/candidates/java/17.0.4-amzn!/jdk.nio.mapmode" type="simple" />
            <root url="jrt:///home/tobiasz/.sdkman/candidates/java/17.0.4-amzn!/jdk.random" type="simple" />
            <root url="jrt:///home/tobiasz/.sdkman/candidates/java/17.0.4-amzn!/jdk.sctp" type="simple" />
            <root url="jrt:///home/tobiasz/.sdkman/candidates/java/17.0.4-amzn!/jdk.security.auth" type="simple" />
            <root url="jrt:///home/tobiasz/.sdkman/candidates/java/17.0.4-amzn!/jdk.security.jgss" type="simple" />
            <root url="jrt:///home/tobiasz/.sdkman/candidates/java/17.0.4-amzn!/jdk.unsupported" type="simple" />
            <root url="jrt:///home/tobiasz/.sdkman/candidates/java/17.0.4-amzn!/jdk.unsupported.desktop" type="simple" />
            <root url="jrt:///home/tobiasz/.sdkman/candidates/java/17.0.4-amzn!/jdk.xml.dom" type="simple" />
            <root url="jrt:///home/tobiasz/.sdkman/candidates/java/17.0.4-amzn!/jdk.zipfs" type="simple" />
          </root>
        </classPath>
        <javadocPath>
          <root type="composite" />
        </javadocPath>
        <sourcePath>
          <root type="composite">
            <root url="jar://$USER_HOME$/.sdkman/candidates/java/17.0.4-amzn/lib/src.zip!/java.se" type="simple" />
            <root url="jar://$USER_HOME$/.sdkman/candidates/java/17.0.4-amzn/lib/src.zip!/jdk.jdi" type="simple" />
            <root url="jar://$USER_HOME$/.sdkman/candidates/java/17.0.4-amzn/lib/src.zip!/jdk.jfr" type="simple" />
            <root url="jar://$USER_HOME$/.sdkman/candidates/java/17.0.4-amzn/lib/src.zip!/jdk.net" type="simple" />
            <root url="jar://$USER_HOME$/.sdkman/candidates/java/17.0.4-amzn/lib/src.zip!/java.rmi" type="simple" />
            <root url="jar://$USER_HOME$/.sdkman/candidates/java/17.0.4-amzn/lib/src.zip!/java.sql" type="simple" />
            <root url="jar://$USER_HOME$/.sdkman/candidates/java/17.0.4-amzn/lib/src.zip!/java.xml" type="simple" />
            <root url="jar://$USER_HOME$/.sdkman/candidates/java/17.0.4-amzn/lib/src.zip!/jdk.jcmd" type="simple" />
            <root url="jar://$USER_HOME$/.sdkman/candidates/java/17.0.4-amzn/lib/src.zip!/jdk.sctp" type="simple" />
            <root url="jar://$USER_HOME$/.sdkman/candidates/java/17.0.4-amzn/lib/src.zip!/java.base" type="simple" />
            <root url="jar://$USER_HOME$/.sdkman/candidates/java/17.0.4-amzn/lib/src.zip!/jdk.jdeps" type="simple" />
            <root url="jar://$USER_HOME$/.sdkman/candidates/java/17.0.4-amzn/lib/src.zip!/jdk.jlink" type="simple" />
            <root url="jar://$USER_HOME$/.sdkman/candidates/java/17.0.4-amzn/lib/src.zip!/jdk.zipfs" type="simple" />
            <root url="jar://$USER_HOME$/.sdkman/candidates/java/17.0.4-amzn/lib/src.zip!/java.prefs" type="simple" />
            <root url="jar://$USER_HOME$/.sdkman/candidates/java/17.0.4-amzn/lib/src.zip!/jdk.attach" type="simple" />
            <root url="jar://$USER_HOME$/.sdkman/candidates/java/17.0.4-amzn/lib/src.zip!/jdk.jshell" type="simple" />
            <root url="jar://$USER_HOME$/.sdkman/candidates/java/17.0.4-amzn/lib/src.zip!/jdk.jstatd" type="simple" />
            <root url="jar://$USER_HOME$/.sdkman/candidates/java/17.0.4-amzn/lib/src.zip!/jdk.random" type="simple" />
            <root url="jar://$USER_HOME$/.sdkman/candidates/java/17.0.4-amzn/lib/src.zip!/java.naming" type="simple" />
            <root url="jar://$USER_HOME$/.sdkman/candidates/java/17.0.4-amzn/lib/src.zip!/jdk.editpad" type="simple" />
            <root url="jar://$USER_HOME$/.sdkman/candidates/java/17.0.4-amzn/lib/src.zip!/jdk.jartool" type="simple" />
            <root url="jar://$USER_HOME$/.sdkman/candidates/java/17.0.4-amzn/lib/src.zip!/jdk.javadoc" type="simple" />
            <root url="jar://$USER_HOME$/.sdkman/candidates/java/17.0.4-amzn/lib/src.zip!/jdk.xml.dom" type="simple" />
            <root url="jar://$USER_HOME$/.sdkman/candidates/java/17.0.4-amzn/lib/src.zip!/java.desktop" type="simple" />
            <root url="jar://$USER_HOME$/.sdkman/candidates/java/17.0.4-amzn/lib/src.zip!/java.logging" type="simple" />
            <root url="jar://$USER_HOME$/.sdkman/candidates/java/17.0.4-amzn/lib/src.zip!/jdk.charsets" type="simple" />
            <root url="jar://$USER_HOME$/.sdkman/candidates/java/17.0.4-amzn/lib/src.zip!/jdk.compiler" type="simple" />
            <root url="jar://$USER_HOME$/.sdkman/candidates/java/17.0.4-amzn/lib/src.zip!/jdk.dynalink" type="simple" />
            <root url="jar://$USER_HOME$/.sdkman/candidates/java/17.0.4-amzn/lib/src.zip!/jdk.jconsole" type="simple" />
            <root url="jar://$USER_HOME$/.sdkman/candidates/java/17.0.4-amzn/lib/src.zip!/jdk.jpackage" type="simple" />
            <root url="jar://$USER_HOME$/.sdkman/candidates/java/17.0.4-amzn/lib/src.zip!/jdk.jsobject" type="simple" />
            <root url="jar://$USER_HOME$/.sdkman/candidates/java/17.0.4-amzn/lib/src.zip!/java.compiler" type="simple" />
            <root url="jar://$USER_HOME$/.sdkman/candidates/java/17.0.4-amzn/lib/src.zip!/java.net.http" type="simple" />
            <root url="jar://$USER_HOME$/.sdkman/candidates/java/17.0.4-amzn/lib/src.zip!/jdk.crypto.ec" type="simple" />
            <root url="jar://$USER_HOME$/.sdkman/candidates/java/17.0.4-amzn/lib/src.zip!/java.scripting" type="simple" />
            <root url="jar://$USER_HOME$/.sdkman/candidates/java/17.0.4-amzn/lib/src.zip!/jdk.httpserver" type="simple" />
            <root url="jar://$USER_HOME$/.sdkman/candidates/java/17.0.4-amzn/lib/src.zip!/jdk.jdwp.agent" type="simple" />
            <root url="jar://$USER_HOME$/.sdkman/candidates/java/17.0.4-amzn/lib/src.zip!/jdk.localedata" type="simple" />
            <root url="jar://$USER_HOME$/.sdkman/candidates/java/17.0.4-amzn/lib/src.zip!/jdk.management" type="simple" />
            <root url="jar://$USER_HOME$/.sdkman/candidates/java/17.0.4-amzn/lib/src.zip!/jdk.naming.dns" type="simple" />
            <root url="jar://$USER_HOME$/.sdkman/candidates/java/17.0.4-amzn/lib/src.zip!/jdk.naming.rmi" type="simple" />
            <root url="jar://$USER_HOME$/.sdkman/candidates/java/17.0.4-amzn/lib/src.zip!/java.instrument" type="simple" />
            <root url="jar://$USER_HOME$/.sdkman/candidates/java/17.0.4-amzn/lib/src.zip!/java.management" type="simple" />
            <root url="jar://$USER_HOME$/.sdkman/candidates/java/17.0.4-amzn/lib/src.zip!/java.sql.rowset" type="simple" />
            <root url="jar://$USER_HOME$/.sdkman/candidates/java/17.0.4-amzn/lib/src.zip!/java.xml.crypto" type="simple" />
            <root url="jar://$USER_HOME$/.sdkman/candidates/java/17.0.4-amzn/lib/src.zip!/jdk.internal.ed" type="simple" />
            <root url="jar://$USER_HOME$/.sdkman/candidates/java/17.0.4-amzn/lib/src.zip!/jdk.internal.le" type="simple" />
            <root url="jar://$USER_HOME$/.sdkman/candidates/java/17.0.4-amzn/lib/src.zip!/jdk.nio.mapmode" type="simple" />
            <root url="jar://$USER_HOME$/.sdkman/candidates/java/17.0.4-amzn/lib/src.zip!/jdk.unsupported" type="simple" />
            <root url="jar://$USER_HOME$/.sdkman/candidates/java/17.0.4-amzn/lib/src.zip!/java.smartcardio" type="simple" />
            <root url="jar://$USER_HOME$/.sdkman/candidates/java/17.0.4-amzn/lib/src.zip!/jdk.internal.opt" type="simple" />
            <root url="jar://$USER_HOME$/.sdkman/candidates/java/17.0.4-amzn/lib/src.zip!/java.datatransfer" type="simple" />
            <root url="jar://$USER_HOME$/.sdkman/candidates/java/17.0.4-amzn/lib/src.zip!/jdk.accessibility" type="simple" />
            <root url="jar://$USER_HOME$/.sdkman/candidates/java/17.0.4-amzn/lib/src.zip!/jdk.hotspot.agent" type="simple" />
            <root url="jar://$USER_HOME$/.sdkman/candidates/java/17.0.4-amzn/lib/src.zip!/jdk.security.auth" type="simple" />
            <root url="jar://$USER_HOME$/.sdkman/candidates/java/17.0.4-amzn/lib/src.zip!/jdk.security.jgss" type="simple" />
            <root url="jar://$USER_HOME$/.sdkman/candidates/java/17.0.4-amzn/lib/src.zip!/java.security.jgss" type="simple" />
            <root url="jar://$USER_HOME$/.sdkman/candidates/java/17.0.4-amzn/lib/src.zip!/java.security.sasl" type="simple" />
            <root url="jar://$USER_HOME$/.sdkman/candidates/java/17.0.4-amzn/lib/src.zip!/jdk.internal.vm.ci" type="simple" />
            <root url="jar://$USER_HOME$/.sdkman/candidates/java/17.0.4-amzn/lib/src.zip!/jdk.management.jfr" type="simple" />
            <root url="jar://$USER_HOME$/.sdkman/candidates/java/17.0.4-amzn/lib/src.zip!/java.management.rmi" type="simple" />
            <root url="jar://$USER_HOME$/.sdkman/candidates/java/17.0.4-amzn/lib/src.zip!/java.transaction.xa" type="simple" />
            <root url="jar://$USER_HOME$/.sdkman/candidates/java/17.0.4-amzn/lib/src.zip!/jdk.crypto.cryptoki" type="simple" />
            <root url="jar://$USER_HOME$/.sdkman/candidates/java/17.0.4-amzn/lib/src.zip!/jdk.incubator.vector" type="simple" />
            <root url="jar://$USER_HOME$/.sdkman/candidates/java/17.0.4-amzn/lib/src.zip!/jdk.internal.jvmstat" type="simple" />
            <root url="jar://$USER_HOME$/.sdkman/candidates/java/17.0.4-amzn/lib/src.zip!/jdk.management.agent" type="simple" />
            <root url="jar://$USER_HOME$/.sdkman/candidates/java/17.0.4-amzn/lib/src.zip!/jdk.incubator.foreign" type="simple" />
            <root url="jar://$USER_HOME$/.sdkman/candidates/java/17.0.4-amzn/lib/src.zip!/jdk.unsupported.desktop" type="simple" />
            <root url="jar://$USER_HOME$/.sdkman/candidates/java/17.0.4-amzn/lib/src.zip!/jdk.internal.vm.compiler" type="simple" />
            <root url="jar://$USER_HOME$/.sdkman/candidates/java/17.0.4-amzn/lib/src.zip!/jdk.internal.vm.compiler.management" type="simple" />
          </root>
        </sourcePath>
      </roots>
      <additional />
    </jdk>
    <jdk version="2">
      <name value="corretto-1.8" />
      <type value="JavaSDK" />
      <version value="Amazon Corretto version 1.8.0_342" />
      <homePath value="$USER_HOME$/.jdks/corretto-1.8.0_342" />
      <roots>
        <annotationsPath>
          <root type="composite">
            <root url="jar://$APPLICATION_HOME_DIR$/plugins/java/lib/resources/jdkAnnotations.jar!/" type="simple" />
          </root>
        </annotationsPath>
        <classPath>
          <root type="composite">
            <root url="jar://$USER_HOME$/.jdks/corretto-1.8.0_342/jre/lib/charsets.jar!/" type="simple" />
            <root url="jar://$USER_HOME$/.jdks/corretto-1.8.0_342/jre/lib/ext/cldrdata.jar!/" type="simple" />
            <root url="jar://$USER_HOME$/.jdks/corretto-1.8.0_342/jre/lib/ext/dnsns.jar!/" type="simple" />
            <root url="jar://$USER_HOME$/.jdks/corretto-1.8.0_342/jre/lib/ext/jaccess.jar!/" type="simple" />
            <root url="jar://$USER_HOME$/.jdks/corretto-1.8.0_342/jre/lib/ext/jfxrt.jar!/" type="simple" />
            <root url="jar://$USER_HOME$/.jdks/corretto-1.8.0_342/jre/lib/ext/localedata.jar!/" type="simple" />
            <root url="jar://$USER_HOME$/.jdks/corretto-1.8.0_342/jre/lib/ext/nashorn.jar!/" type="simple" />
            <root url="jar://$USER_HOME$/.jdks/corretto-1.8.0_342/jre/lib/ext/sunec.jar!/" type="simple" />
            <root url="jar://$USER_HOME$/.jdks/corretto-1.8.0_342/jre/lib/ext/sunjce_provider.jar!/" type="simple" />
            <root url="jar://$USER_HOME$/.jdks/corretto-1.8.0_342/jre/lib/ext/sunpkcs11.jar!/" type="simple" />
            <root url="jar://$USER_HOME$/.jdks/corretto-1.8.0_342/jre/lib/ext/zipfs.jar!/" type="simple" />
            <root url="jar://$USER_HOME$/.jdks/corretto-1.8.0_342/jre/lib/jce.jar!/" type="simple" />
            <root url="jar://$USER_HOME$/.jdks/corretto-1.8.0_342/jre/lib/jfr.jar!/" type="simple" />
            <root url="jar://$USER_HOME$/.jdks/corretto-1.8.0_342/jre/lib/jfxswt.jar!/" type="simple" />
            <root url="jar://$USER_HOME$/.jdks/corretto-1.8.0_342/jre/lib/jsse.jar!/" type="simple" />
            <root url="jar://$USER_HOME$/.jdks/corretto-1.8.0_342/jre/lib/management-agent.jar!/" type="simple" />
            <root url="jar://$USER_HOME$/.jdks/corretto-1.8.0_342/jre/lib/resources.jar!/" type="simple" />
            <root url="jar://$USER_HOME$/.jdks/corretto-1.8.0_342/jre/lib/rt.jar!/" type="simple" />
          </root>
        </classPath>
        <javadocPath>
          <root type="composite" />
        </javadocPath>
        <sourcePath>
          <root type="composite">
            <root url="jar://$USER_HOME$/.jdks/corretto-1.8.0_342/src.zip!/" type="simple" />
            <root url="jar://$USER_HOME$/.jdks/corretto-1.8.0_342/javafx-src.zip!/" type="simple" />
          </root>
        </sourcePath>
      </roots>
      <additional />
    </jdk>
    <jdk version="2">
      <name value="corretto-11" />
      <type value="JavaSDK" />
      <version value="Amazon Corretto version 11.0.16" />
      <homePath value="$USER_HOME$/.sdkman/candidates/java/11.0.16-amzn" />
      <roots>
        <annotationsPath>
          <root type="composite">
            <root url="jar://$APPLICATION_HOME_DIR$/plugins/java/lib/resources/jdkAnnotations.jar!/" type="simple" />
          </root>
        </annotationsPath>
        <classPath>
          <root type="composite">
            <root url="jrt:///home/tobiasz/.sdkman/candidates/java/11.0.16-amzn!/java.base" type="simple" />
            <root url="jrt:///home/tobiasz/.sdkman/candidates/java/11.0.16-amzn!/java.compiler" type="simple" />
            <root url="jrt:///home/tobiasz/.sdkman/candidates/java/11.0.16-amzn!/java.datatransfer" type="simple" />
            <root url="jrt:///home/tobiasz/.sdkman/candidates/java/11.0.16-amzn!/java.desktop" type="simple" />
            <root url="jrt:///home/tobiasz/.sdkman/candidates/java/11.0.16-amzn!/java.instrument" type="simple" />
            <root url="jrt:///home/tobiasz/.sdkman/candidates/java/11.0.16-amzn!/java.logging" type="simple" />
            <root url="jrt:///home/tobiasz/.sdkman/candidates/java/11.0.16-amzn!/java.management" type="simple" />
            <root url="jrt:///home/tobiasz/.sdkman/candidates/java/11.0.16-amzn!/java.management.rmi" type="simple" />
            <root url="jrt:///home/tobiasz/.sdkman/candidates/java/11.0.16-amzn!/java.naming" type="simple" />
            <root url="jrt:///home/tobiasz/.sdkman/candidates/java/11.0.16-amzn!/java.net.http" type="simple" />
            <root url="jrt:///home/tobiasz/.sdkman/candidates/java/11.0.16-amzn!/java.prefs" type="simple" />
            <root url="jrt:///home/tobiasz/.sdkman/candidates/java/11.0.16-amzn!/java.rmi" type="simple" />
            <root url="jrt:///home/tobiasz/.sdkman/candidates/java/11.0.16-amzn!/java.scripting" type="simple" />
            <root url="jrt:///home/tobiasz/.sdkman/candidates/java/11.0.16-amzn!/java.se" type="simple" />
            <root url="jrt:///home/tobiasz/.sdkman/candidates/java/11.0.16-amzn!/java.security.jgss" type="simple" />
            <root url="jrt:///home/tobiasz/.sdkman/candidates/java/11.0.16-amzn!/java.security.sasl" type="simple" />
            <root url="jrt:///home/tobiasz/.sdkman/candidates/java/11.0.16-amzn!/java.smartcardio" type="simple" />
            <root url="jrt:///home/tobiasz/.sdkman/candidates/java/11.0.16-amzn!/java.sql" type="simple" />
            <root url="jrt:///home/tobiasz/.sdkman/candidates/java/11.0.16-amzn!/java.sql.rowset" type="simple" />
            <root url="jrt:///home/tobiasz/.sdkman/candidates/java/11.0.16-amzn!/java.transaction.xa" type="simple" />
            <root url="jrt:///home/tobiasz/.sdkman/candidates/java/11.0.16-amzn!/java.xml" type="simple" />
            <root url="jrt:///home/tobiasz/.sdkman/candidates/java/11.0.16-amzn!/java.xml.crypto" type="simple" />
            <root url="jrt:///home/tobiasz/.sdkman/candidates/java/11.0.16-amzn!/jdk.accessibility" type="simple" />
            <root url="jrt:///home/tobiasz/.sdkman/candidates/java/11.0.16-amzn!/jdk.aot" type="simple" />
            <root url="jrt:///home/tobiasz/.sdkman/candidates/java/11.0.16-amzn!/jdk.attach" type="simple" />
            <root url="jrt:///home/tobiasz/.sdkman/candidates/java/11.0.16-amzn!/jdk.charsets" type="simple" />
            <root url="jrt:///home/tobiasz/.sdkman/candidates/java/11.0.16-amzn!/jdk.compiler" type="simple" />
            <root url="jrt:///home/tobiasz/.sdkman/candidates/java/11.0.16-amzn!/jdk.crypto.cryptoki" type="simple" />
            <root url="jrt:///home/tobiasz/.sdkman/candidates/java/11.0.16-amzn!/jdk.crypto.ec" type="simple" />
            <root url="jrt:///home/tobiasz/.sdkman/candidates/java/11.0.16-amzn!/jdk.dynalink" type="simple" />
            <root url="jrt:///home/tobiasz/.sdkman/candidates/java/11.0.16-amzn!/jdk.editpad" type="simple" />
            <root url="jrt:///home/tobiasz/.sdkman/candidates/java/11.0.16-amzn!/jdk.hotspot.agent" type="simple" />
            <root url="jrt:///home/tobiasz/.sdkman/candidates/java/11.0.16-amzn!/jdk.httpserver" type="simple" />
            <root url="jrt:///home/tobiasz/.sdkman/candidates/java/11.0.16-amzn!/jdk.internal.ed" type="simple" />
            <root url="jrt:///home/tobiasz/.sdkman/candidates/java/11.0.16-amzn!/jdk.internal.jvmstat" type="simple" />
            <root url="jrt:///home/tobiasz/.sdkman/candidates/java/11.0.16-amzn!/jdk.internal.le" type="simple" />
            <root url="jrt:///home/tobiasz/.sdkman/candidates/java/11.0.16-amzn!/jdk.internal.opt" type="simple" />
            <root url="jrt:///home/tobiasz/.sdkman/candidates/java/11.0.16-amzn!/jdk.internal.vm.ci" type="simple" />
            <root url="jrt:///home/tobiasz/.sdkman/candidates/java/11.0.16-amzn!/jdk.internal.vm.compiler" type="simple" />
            <root url="jrt:///home/tobiasz/.sdkman/candidates/java/11.0.16-amzn!/jdk.internal.vm.compiler.management" type="simple" />
            <root url="jrt:///home/tobiasz/.sdkman/candidates/java/11.0.16-amzn!/jdk.jartool" type="simple" />
            <root url="jrt:///home/tobiasz/.sdkman/candidates/java/11.0.16-amzn!/jdk.javadoc" type="simple" />
            <root url="jrt:///home/tobiasz/.sdkman/candidates/java/11.0.16-amzn!/jdk.jcmd" type="simple" />
            <root url="jrt:///home/tobiasz/.sdkman/candidates/java/11.0.16-amzn!/jdk.jconsole" type="simple" />
            <root url="jrt:///home/tobiasz/.sdkman/candidates/java/11.0.16-amzn!/jdk.jdeps" type="simple" />
            <root url="jrt:///home/tobiasz/.sdkman/candidates/java/11.0.16-amzn!/jdk.jdi" type="simple" />
            <root url="jrt:///home/tobiasz/.sdkman/candidates/java/11.0.16-amzn!/jdk.jdwp.agent" type="simple" />
            <root url="jrt:///home/tobiasz/.sdkman/candidates/java/11.0.16-amzn!/jdk.jfr" type="simple" />
            <root url="jrt:///home/tobiasz/.sdkman/candidates/java/11.0.16-amzn!/jdk.jlink" type="simple" />
            <root url="jrt:///home/tobiasz/.sdkman/candidates/java/11.0.16-amzn!/jdk.jshell" type="simple" />
            <root url="jrt:///home/tobiasz/.sdkman/candidates/java/11.0.16-amzn!/jdk.jsobject" type="simple" />
            <root url="jrt:///home/tobiasz/.sdkman/candidates/java/11.0.16-amzn!/jdk.jstatd" type="simple" />
            <root url="jrt:///home/tobiasz/.sdkman/candidates/java/11.0.16-amzn!/jdk.localedata" type="simple" />
            <root url="jrt:///home/tobiasz/.sdkman/candidates/java/11.0.16-amzn!/jdk.management" type="simple" />
            <root url="jrt:///home/tobiasz/.sdkman/candidates/java/11.0.16-amzn!/jdk.management.agent" type="simple" />
            <root url="jrt:///home/tobiasz/.sdkman/candidates/java/11.0.16-amzn!/jdk.management.jfr" type="simple" />
            <root url="jrt:///home/tobiasz/.sdkman/candidates/java/11.0.16-amzn!/jdk.naming.dns" type="simple" />
            <root url="jrt:///home/tobiasz/.sdkman/candidates/java/11.0.16-amzn!/jdk.naming.ldap" type="simple" />
            <root url="jrt:///home/tobiasz/.sdkman/candidates/java/11.0.16-amzn!/jdk.naming.rmi" type="simple" />
            <root url="jrt:///home/tobiasz/.sdkman/candidates/java/11.0.16-amzn!/jdk.net" type="simple" />
            <root url="jrt:///home/tobiasz/.sdkman/candidates/java/11.0.16-amzn!/jdk.pack" type="simple" />
            <root url="jrt:///home/tobiasz/.sdkman/candidates/java/11.0.16-amzn!/jdk.rmic" type="simple" />
            <root url="jrt:///home/tobiasz/.sdkman/candidates/java/11.0.16-amzn!/jdk.scripting.nashorn" type="simple" />
            <root url="jrt:///home/tobiasz/.sdkman/candidates/java/11.0.16-amzn!/jdk.scripting.nashorn.shell" type="simple" />
            <root url="jrt:///home/tobiasz/.sdkman/candidates/java/11.0.16-amzn!/jdk.sctp" type="simple" />
            <root url="jrt:///home/tobiasz/.sdkman/candidates/java/11.0.16-amzn!/jdk.security.auth" type="simple" />
            <root url="jrt:///home/tobiasz/.sdkman/candidates/java/11.0.16-amzn!/jdk.security.jgss" type="simple" />
            <root url="jrt:///home/tobiasz/.sdkman/candidates/java/11.0.16-amzn!/jdk.unsupported" type="simple" />
            <root url="jrt:///home/tobiasz/.sdkman/candidates/java/11.0.16-amzn!/jdk.unsupported.desktop" type="simple" />
            <root url="jrt:///home/tobiasz/.sdkman/candidates/java/11.0.16-amzn!/jdk.xml.dom" type="simple" />
            <root url="jrt:///home/tobiasz/.sdkman/candidates/java/11.0.16-amzn!/jdk.zipfs" type="simple" />
          </root>
        </classPath>
        <javadocPath>
          <root type="composite" />
        </javadocPath>
        <sourcePath>
          <root type="composite">
            <root url="jar://$USER_HOME$/.sdkman/candidates/java/11.0.16-amzn/lib/src.zip!/java.se" type="simple" />
            <root url="jar://$USER_HOME$/.sdkman/candidates/java/11.0.16-amzn/lib/src.zip!/jdk.aot" type="simple" />
            <root url="jar://$USER_HOME$/.sdkman/candidates/java/11.0.16-amzn/lib/src.zip!/jdk.jdi" type="simple" />
            <root url="jar://$USER_HOME$/.sdkman/candidates/java/11.0.16-amzn/lib/src.zip!/jdk.jfr" type="simple" />
            <root url="jar://$USER_HOME$/.sdkman/candidates/java/11.0.16-amzn/lib/src.zip!/jdk.net" type="simple" />
            <root url="jar://$USER_HOME$/.sdkman/candidates/java/11.0.16-amzn/lib/src.zip!/java.rmi" type="simple" />
            <root url="jar://$USER_HOME$/.sdkman/candidates/java/11.0.16-amzn/lib/src.zip!/java.sql" type="simple" />
            <root url="jar://$USER_HOME$/.sdkman/candidates/java/11.0.16-amzn/lib/src.zip!/java.xml" type="simple" />
            <root url="jar://$USER_HOME$/.sdkman/candidates/java/11.0.16-amzn/lib/src.zip!/jdk.jcmd" type="simple" />
            <root url="jar://$USER_HOME$/.sdkman/candidates/java/11.0.16-amzn/lib/src.zip!/jdk.pack" type="simple" />
            <root url="jar://$USER_HOME$/.sdkman/candidates/java/11.0.16-amzn/lib/src.zip!/jdk.rmic" type="simple" />
            <root url="jar://$USER_HOME$/.sdkman/candidates/java/11.0.16-amzn/lib/src.zip!/jdk.sctp" type="simple" />
            <root url="jar://$USER_HOME$/.sdkman/candidates/java/11.0.16-amzn/lib/src.zip!/java.base" type="simple" />
            <root url="jar://$USER_HOME$/.sdkman/candidates/java/11.0.16-amzn/lib/src.zip!/jdk.jdeps" type="simple" />
            <root url="jar://$USER_HOME$/.sdkman/candidates/java/11.0.16-amzn/lib/src.zip!/jdk.jlink" type="simple" />
            <root url="jar://$USER_HOME$/.sdkman/candidates/java/11.0.16-amzn/lib/src.zip!/jdk.zipfs" type="simple" />
            <root url="jar://$USER_HOME$/.sdkman/candidates/java/11.0.16-amzn/lib/src.zip!/java.prefs" type="simple" />
            <root url="jar://$USER_HOME$/.sdkman/candidates/java/11.0.16-amzn/lib/src.zip!/jdk.attach" type="simple" />
            <root url="jar://$USER_HOME$/.sdkman/candidates/java/11.0.16-amzn/lib/src.zip!/jdk.jshell" type="simple" />
            <root url="jar://$USER_HOME$/.sdkman/candidates/java/11.0.16-amzn/lib/src.zip!/jdk.jstatd" type="simple" />
            <root url="jar://$USER_HOME$/.sdkman/candidates/java/11.0.16-amzn/lib/src.zip!/java.naming" type="simple" />
            <root url="jar://$USER_HOME$/.sdkman/candidates/java/11.0.16-amzn/lib/src.zip!/jdk.editpad" type="simple" />
            <root url="jar://$USER_HOME$/.sdkman/candidates/java/11.0.16-amzn/lib/src.zip!/jdk.jartool" type="simple" />
            <root url="jar://$USER_HOME$/.sdkman/candidates/java/11.0.16-amzn/lib/src.zip!/jdk.javadoc" type="simple" />
            <root url="jar://$USER_HOME$/.sdkman/candidates/java/11.0.16-amzn/lib/src.zip!/jdk.xml.dom" type="simple" />
            <root url="jar://$USER_HOME$/.sdkman/candidates/java/11.0.16-amzn/lib/src.zip!/java.desktop" type="simple" />
            <root url="jar://$USER_HOME$/.sdkman/candidates/java/11.0.16-amzn/lib/src.zip!/java.logging" type="simple" />
            <root url="jar://$USER_HOME$/.sdkman/candidates/java/11.0.16-amzn/lib/src.zip!/jdk.charsets" type="simple" />
            <root url="jar://$USER_HOME$/.sdkman/candidates/java/11.0.16-amzn/lib/src.zip!/jdk.compiler" type="simple" />
            <root url="jar://$USER_HOME$/.sdkman/candidates/java/11.0.16-amzn/lib/src.zip!/jdk.dynalink" type="simple" />
            <root url="jar://$USER_HOME$/.sdkman/candidates/java/11.0.16-amzn/lib/src.zip!/jdk.jconsole" type="simple" />
            <root url="jar://$USER_HOME$/.sdkman/candidates/java/11.0.16-amzn/lib/src.zip!/jdk.jsobject" type="simple" />
            <root url="jar://$USER_HOME$/.sdkman/candidates/java/11.0.16-amzn/lib/src.zip!/java.compiler" type="simple" />
            <root url="jar://$USER_HOME$/.sdkman/candidates/java/11.0.16-amzn/lib/src.zip!/java.net.http" type="simple" />
            <root url="jar://$USER_HOME$/.sdkman/candidates/java/11.0.16-amzn/lib/src.zip!/jdk.crypto.ec" type="simple" />
            <root url="jar://$USER_HOME$/.sdkman/candidates/java/11.0.16-amzn/lib/src.zip!/java.scripting" type="simple" />
            <root url="jar://$USER_HOME$/.sdkman/candidates/java/11.0.16-amzn/lib/src.zip!/jdk.httpserver" type="simple" />
            <root url="jar://$USER_HOME$/.sdkman/candidates/java/11.0.16-amzn/lib/src.zip!/jdk.jdwp.agent" type="simple" />
            <root url="jar://$USER_HOME$/.sdkman/candidates/java/11.0.16-amzn/lib/src.zip!/jdk.localedata" type="simple" />
            <root url="jar://$USER_HOME$/.sdkman/candidates/java/11.0.16-amzn/lib/src.zip!/jdk.management" type="simple" />
            <root url="jar://$USER_HOME$/.sdkman/candidates/java/11.0.16-amzn/lib/src.zip!/jdk.naming.dns" type="simple" />
            <root url="jar://$USER_HOME$/.sdkman/candidates/java/11.0.16-amzn/lib/src.zip!/jdk.naming.rmi" type="simple" />
            <root url="jar://$USER_HOME$/.sdkman/candidates/java/11.0.16-amzn/lib/src.zip!/java.instrument" type="simple" />
            <root url="jar://$USER_HOME$/.sdkman/candidates/java/11.0.16-amzn/lib/src.zip!/java.management" type="simple" />
            <root url="jar://$USER_HOME$/.sdkman/candidates/java/11.0.16-amzn/lib/src.zip!/java.sql.rowset" type="simple" />
            <root url="jar://$USER_HOME$/.sdkman/candidates/java/11.0.16-amzn/lib/src.zip!/java.xml.crypto" type="simple" />
            <root url="jar://$USER_HOME$/.sdkman/candidates/java/11.0.16-amzn/lib/src.zip!/jdk.internal.ed" type="simple" />
            <root url="jar://$USER_HOME$/.sdkman/candidates/java/11.0.16-amzn/lib/src.zip!/jdk.internal.le" type="simple" />
            <root url="jar://$USER_HOME$/.sdkman/candidates/java/11.0.16-amzn/lib/src.zip!/jdk.naming.ldap" type="simple" />
            <root url="jar://$USER_HOME$/.sdkman/candidates/java/11.0.16-amzn/lib/src.zip!/jdk.unsupported" type="simple" />
            <root url="jar://$USER_HOME$/.sdkman/candidates/java/11.0.16-amzn/lib/src.zip!/java.smartcardio" type="simple" />
            <root url="jar://$USER_HOME$/.sdkman/candidates/java/11.0.16-amzn/lib/src.zip!/jdk.internal.opt" type="simple" />
            <root url="jar://$USER_HOME$/.sdkman/candidates/java/11.0.16-amzn/lib/src.zip!/java.datatransfer" type="simple" />
            <root url="jar://$USER_HOME$/.sdkman/candidates/java/11.0.16-amzn/lib/src.zip!/jdk.accessibility" type="simple" />
            <root url="jar://$USER_HOME$/.sdkman/candidates/java/11.0.16-amzn/lib/src.zip!/jdk.hotspot.agent" type="simple" />
            <root url="jar://$USER_HOME$/.sdkman/candidates/java/11.0.16-amzn/lib/src.zip!/jdk.security.auth" type="simple" />
            <root url="jar://$USER_HOME$/.sdkman/candidates/java/11.0.16-amzn/lib/src.zip!/jdk.security.jgss" type="simple" />
            <root url="jar://$USER_HOME$/.sdkman/candidates/java/11.0.16-amzn/lib/src.zip!/java.security.jgss" type="simple" />
            <root url="jar://$USER_HOME$/.sdkman/candidates/java/11.0.16-amzn/lib/src.zip!/java.security.sasl" type="simple" />
            <root url="jar://$USER_HOME$/.sdkman/candidates/java/11.0.16-amzn/lib/src.zip!/jdk.internal.vm.ci" type="simple" />
            <root url="jar://$USER_HOME$/.sdkman/candidates/java/11.0.16-amzn/lib/src.zip!/jdk.management.jfr" type="simple" />
            <root url="jar://$USER_HOME$/.sdkman/candidates/java/11.0.16-amzn/lib/src.zip!/java.management.rmi" type="simple" />
            <root url="jar://$USER_HOME$/.sdkman/candidates/java/11.0.16-amzn/lib/src.zip!/java.transaction.xa" type="simple" />
            <root url="jar://$USER_HOME$/.sdkman/candidates/java/11.0.16-amzn/lib/src.zip!/jdk.crypto.cryptoki" type="simple" />
            <root url="jar://$USER_HOME$/.sdkman/candidates/java/11.0.16-amzn/lib/src.zip!/jdk.internal.jvmstat" type="simple" />
            <root url="jar://$USER_HOME$/.sdkman/candidates/java/11.0.16-amzn/lib/src.zip!/jdk.management.agent" type="simple" />
            <root url="jar://$USER_HOME$/.sdkman/candidates/java/11.0.16-amzn/lib/src.zip!/jdk.scripting.nashorn" type="simple" />
            <root url="jar://$USER_HOME$/.sdkman/candidates/java/11.0.16-amzn/lib/src.zip!/jdk.unsupported.desktop" type="simple" />
            <root url="jar://$USER_HOME$/.sdkman/candidates/java/11.0.16-amzn/lib/src.zip!/jdk.internal.vm.compiler" type="simple" />
            <root url="jar://$USER_HOME$/.sdkman/candidates/java/11.0.16-amzn/lib/src.zip!/jdk.scripting.nashorn.shell" type="simple" />
            <root url="jar://$USER_HOME$/.sdkman/candidates/java/11.0.16-amzn/lib/src.zip!/jdk.internal.vm.compiler.management" type="simple" />
          </root>
        </sourcePath>
      </roots>
      <additional />
    </jdk>
    <jdk version="2">
      <name value="1.8" />
      <type value="JavaSDK" />
      <version value="java version &quot;1.8.0_342&quot;" />
      <homePath value="$USER_HOME$/.jdks/corretto-1.8.0_342" />
      <roots>
        <annotationsPath>
          <root type="composite">
            <root url="jar://$APPLICATION_HOME_DIR$/plugins/java/lib/resources/jdkAnnotations.jar!/" type="simple" />
          </root>
        </annotationsPath>
        <classPath>
          <root type="composite">
            <root url="jar://$USER_HOME$/.jdks/corretto-1.8.0_342/jre/lib/charsets.jar!/" type="simple" />
            <root url="jar://$USER_HOME$/.jdks/corretto-1.8.0_342/jre/lib/ext/cldrdata.jar!/" type="simple" />
            <root url="jar://$USER_HOME$/.jdks/corretto-1.8.0_342/jre/lib/ext/dnsns.jar!/" type="simple" />
            <root url="jar://$USER_HOME$/.jdks/corretto-1.8.0_342/jre/lib/ext/jaccess.jar!/" type="simple" />
            <root url="jar://$USER_HOME$/.jdks/corretto-1.8.0_342/jre/lib/ext/jfxrt.jar!/" type="simple" />
            <root url="jar://$USER_HOME$/.jdks/corretto-1.8.0_342/jre/lib/ext/localedata.jar!/" type="simple" />
            <root url="jar://$USER_HOME$/.jdks/corretto-1.8.0_342/jre/lib/ext/nashorn.jar!/" type="simple" />
            <root url="jar://$USER_HOME$/.jdks/corretto-1.8.0_342/jre/lib/ext/sunec.jar!/" type="simple" />
            <root url="jar://$USER_HOME$/.jdks/corretto-1.8.0_342/jre/lib/ext/sunjce_provider.jar!/" type="simple" />
            <root url="jar://$USER_HOME$/.jdks/corretto-1.8.0_342/jre/lib/ext/sunpkcs11.jar!/" type="simple" />
            <root url="jar://$USER_HOME$/.jdks/corretto-1.8.0_342/jre/lib/ext/zipfs.jar!/" type="simple" />
            <root url="jar://$USER_HOME$/.jdks/corretto-1.8.0_342/jre/lib/jce.jar!/" type="simple" />
            <root url="jar://$USER_HOME$/.jdks/corretto-1.8.0_342/jre/lib/jfr.jar!/" type="simple" />
            <root url="jar://$USER_HOME$/.jdks/corretto-1.8.0_342/jre/lib/jfxswt.jar!/" type="simple" />
            <root url="jar://$USER_HOME$/.jdks/corretto-1.8.0_342/jre/lib/jsse.jar!/" type="simple" />
            <root url="jar://$USER_HOME$/.jdks/corretto-1.8.0_342/jre/lib/management-agent.jar!/" type="simple" />
            <root url="jar://$USER_HOME$/.jdks/corretto-1.8.0_342/jre/lib/resources.jar!/" type="simple" />
            <root url="jar://$USER_HOME$/.jdks/corretto-1.8.0_342/jre/lib/rt.jar!/" type="simple" />
          </root>
        </classPath>
        <javadocPath>
          <root type="composite" />
        </javadocPath>
        <sourcePath>
          <root type="composite">
            <root url="jar://$USER_HOME$/.jdks/corretto-1.8.0_342/src.zip!/" type="simple" />
            <root url="jar://$USER_HOME$/.jdks/corretto-1.8.0_342/javafx-src.zip!/" type="simple" />
          </root>
        </sourcePath>
      </roots>
      <additional />
    </jdk>
    <jdk version="2">
      <name value="temurin-17" />
      <type value="JavaSDK" />
      <version value="java version &quot;17.0.6&quot;" />
      <homePath value="$USER_HOME$/.sdkman/candidates/java/17.0.6-tem" />
      <roots>
        <annotationsPath>
          <root type="composite">
            <root url="jar://$APPLICATION_HOME_DIR$/plugins/java/lib/resources/jdkAnnotations.jar!/" type="simple" />
          </root>
        </annotationsPath>
        <classPath>
          <root type="composite">
            <root url="jrt:///home/tobiasz/.sdkman/candidates/java/17.0.6-tem!/java.base" type="simple" />
            <root url="jrt:///home/tobiasz/.sdkman/candidates/java/17.0.6-tem!/java.compiler" type="simple" />
            <root url="jrt:///home/tobiasz/.sdkman/candidates/java/17.0.6-tem!/java.datatransfer" type="simple" />
            <root url="jrt:///home/tobiasz/.sdkman/candidates/java/17.0.6-tem!/java.desktop" type="simple" />
            <root url="jrt:///home/tobiasz/.sdkman/candidates/java/17.0.6-tem!/java.instrument" type="simple" />
            <root url="jrt:///home/tobiasz/.sdkman/candidates/java/17.0.6-tem!/java.logging" type="simple" />
            <root url="jrt:///home/tobiasz/.sdkman/candidates/java/17.0.6-tem!/java.management" type="simple" />
            <root url="jrt:///home/tobiasz/.sdkman/candidates/java/17.0.6-tem!/java.management.rmi" type="simple" />
            <root url="jrt:///home/tobiasz/.sdkman/candidates/java/17.0.6-tem!/java.naming" type="simple" />
            <root url="jrt:///home/tobiasz/.sdkman/candidates/java/17.0.6-tem!/java.net.http" type="simple" />
            <root url="jrt:///home/tobiasz/.sdkman/candidates/java/17.0.6-tem!/java.prefs" type="simple" />
            <root url="jrt:///home/tobiasz/.sdkman/candidates/java/17.0.6-tem!/java.rmi" type="simple" />
            <root url="jrt:///home/tobiasz/.sdkman/candidates/java/17.0.6-tem!/java.scripting" type="simple" />
            <root url="jrt:///home/tobiasz/.sdkman/candidates/java/17.0.6-tem!/java.se" type="simple" />
            <root url="jrt:///home/tobiasz/.sdkman/candidates/java/17.0.6-tem!/java.security.jgss" type="simple" />
            <root url="jrt:///home/tobiasz/.sdkman/candidates/java/17.0.6-tem!/java.security.sasl" type="simple" />
            <root url="jrt:///home/tobiasz/.sdkman/candidates/java/17.0.6-tem!/java.smartcardio" type="simple" />
            <root url="jrt:///home/tobiasz/.sdkman/candidates/java/17.0.6-tem!/java.sql" type="simple" />
            <root url="jrt:///home/tobiasz/.sdkman/candidates/java/17.0.6-tem!/java.sql.rowset" type="simple" />
            <root url="jrt:///home/tobiasz/.sdkman/candidates/java/17.0.6-tem!/java.transaction.xa" type="simple" />
            <root url="jrt:///home/tobiasz/.sdkman/candidates/java/17.0.6-tem!/java.xml" type="simple" />
            <root url="jrt:///home/tobiasz/.sdkman/candidates/java/17.0.6-tem!/java.xml.crypto" type="simple" />
            <root url="jrt:///home/tobiasz/.sdkman/candidates/java/17.0.6-tem!/jdk.accessibility" type="simple" />
            <root url="jrt:///home/tobiasz/.sdkman/candidates/java/17.0.6-tem!/jdk.attach" type="simple" />
            <root url="jrt:///home/tobiasz/.sdkman/candidates/java/17.0.6-tem!/jdk.charsets" type="simple" />
            <root url="jrt:///home/tobiasz/.sdkman/candidates/java/17.0.6-tem!/jdk.compiler" type="simple" />
            <root url="jrt:///home/tobiasz/.sdkman/candidates/java/17.0.6-tem!/jdk.crypto.cryptoki" type="simple" />
            <root url="jrt:///home/tobiasz/.sdkman/candidates/java/17.0.6-tem!/jdk.crypto.ec" type="simple" />
            <root url="jrt:///home/tobiasz/.sdkman/candidates/java/17.0.6-tem!/jdk.dynalink" type="simple" />
            <root url="jrt:///home/tobiasz/.sdkman/candidates/java/17.0.6-tem!/jdk.editpad" type="simple" />
            <root url="jrt:///home/tobiasz/.sdkman/candidates/java/17.0.6-tem!/jdk.hotspot.agent" type="simple" />
            <root url="jrt:///home/tobiasz/.sdkman/candidates/java/17.0.6-tem!/jdk.httpserver" type="simple" />
            <root url="jrt:///home/tobiasz/.sdkman/candidates/java/17.0.6-tem!/jdk.incubator.foreign" type="simple" />
            <root url="jrt:///home/tobiasz/.sdkman/candidates/java/17.0.6-tem!/jdk.incubator.vector" type="simple" />
            <root url="jrt:///home/tobiasz/.sdkman/candidates/java/17.0.6-tem!/jdk.internal.ed" type="simple" />
            <root url="jrt:///home/tobiasz/.sdkman/candidates/java/17.0.6-tem!/jdk.internal.jvmstat" type="simple" />
            <root url="jrt:///home/tobiasz/.sdkman/candidates/java/17.0.6-tem!/jdk.internal.le" type="simple" />
            <root url="jrt:///home/tobiasz/.sdkman/candidates/java/17.0.6-tem!/jdk.internal.opt" type="simple" />
            <root url="jrt:///home/tobiasz/.sdkman/candidates/java/17.0.6-tem!/jdk.internal.vm.ci" type="simple" />
            <root url="jrt:///home/tobiasz/.sdkman/candidates/java/17.0.6-tem!/jdk.internal.vm.compiler" type="simple" />
            <root url="jrt:///home/tobiasz/.sdkman/candidates/java/17.0.6-tem!/jdk.internal.vm.compiler.management" type="simple" />
            <root url="jrt:///home/tobiasz/.sdkman/candidates/java/17.0.6-tem!/jdk.jartool" type="simple" />
            <root url="jrt:///home/tobiasz/.sdkman/candidates/java/17.0.6-tem!/jdk.javadoc" type="simple" />
            <root url="jrt:///home/tobiasz/.sdkman/candidates/java/17.0.6-tem!/jdk.jcmd" type="simple" />
            <root url="jrt:///home/tobiasz/.sdkman/candidates/java/17.0.6-tem!/jdk.jconsole" type="simple" />
            <root url="jrt:///home/tobiasz/.sdkman/candidates/java/17.0.6-tem!/jdk.jdeps" type="simple" />
            <root url="jrt:///home/tobiasz/.sdkman/candidates/java/17.0.6-tem!/jdk.jdi" type="simple" />
            <root url="jrt:///home/tobiasz/.sdkman/candidates/java/17.0.6-tem!/jdk.jdwp.agent" type="simple" />
            <root url="jrt:///home/tobiasz/.sdkman/candidates/java/17.0.6-tem!/jdk.jfr" type="simple" />
            <root url="jrt:///home/tobiasz/.sdkman/candidates/java/17.0.6-tem!/jdk.jlink" type="simple" />
            <root url="jrt:///home/tobiasz/.sdkman/candidates/java/17.0.6-tem!/jdk.jpackage" type="simple" />
            <root url="jrt:///home/tobiasz/.sdkman/candidates/java/17.0.6-tem!/jdk.jshell" type="simple" />
            <root url="jrt:///home/tobiasz/.sdkman/candidates/java/17.0.6-tem!/jdk.jsobject" type="simple" />
            <root url="jrt:///home/tobiasz/.sdkman/candidates/java/17.0.6-tem!/jdk.jstatd" type="simple" />
            <root url="jrt:///home/tobiasz/.sdkman/candidates/java/17.0.6-tem!/jdk.localedata" type="simple" />
            <root url="jrt:///home/tobiasz/.sdkman/candidates/java/17.0.6-tem!/jdk.management" type="simple" />
            <root url="jrt:///home/tobiasz/.sdkman/candidates/java/17.0.6-tem!/jdk.management.agent" type="simple" />
            <root url="jrt:///home/tobiasz/.sdkman/candidates/java/17.0.6-tem!/jdk.management.jfr" type="simple" />
            <root url="jrt:///home/tobiasz/.sdkman/candidates/java/17.0.6-tem!/jdk.naming.dns" type="simple" />
            <root url="jrt:///home/tobiasz/.sdkman/candidates/java/17.0.6-tem!/jdk.naming.rmi" type="simple" />
            <root url="jrt:///home/tobiasz/.sdkman/candidates/java/17.0.6-tem!/jdk.net" type="simple" />
            <root url="jrt:///home/tobiasz/.sdkman/candidates/java/17.0.6-tem!/jdk.nio.mapmode" type="simple" />
            <root url="jrt:///home/tobiasz/.sdkman/candidates/java/17.0.6-tem!/jdk.random" type="simple" />
            <root url="jrt:///home/tobiasz/.sdkman/candidates/java/17.0.6-tem!/jdk.sctp" type="simple" />
            <root url="jrt:///home/tobiasz/.sdkman/candidates/java/17.0.6-tem!/jdk.security.auth" type="simple" />
            <root url="jrt:///home/tobiasz/.sdkman/candidates/java/17.0.6-tem!/jdk.security.jgss" type="simple" />
            <root url="jrt:///home/tobiasz/.sdkman/candidates/java/17.0.6-tem!/jdk.unsupported" type="simple" />
            <root url="jrt:///home/tobiasz/.sdkman/candidates/java/17.0.6-tem!/jdk.unsupported.desktop" type="simple" />
            <root url="jrt:///home/tobiasz/.sdkman/candidates/java/17.0.6-tem!/jdk.xml.dom" type="simple" />
            <root url="jrt:///home/tobiasz/.sdkman/candidates/java/17.0.6-tem!/jdk.zipfs" type="simple" />
          </root>
        </classPath>
        <javadocPath>
          <root type="composite" />
        </javadocPath>
        <sourcePath>
          <root type="composite">
            <root url="jar://$USER_HOME$/.sdkman/candidates/java/17.0.6-tem/lib/src.zip!/java.se" type="simple" />
            <root url="jar://$USER_HOME$/.sdkman/candidates/java/17.0.6-tem/lib/src.zip!/jdk.jdi" type="simple" />
            <root url="jar://$USER_HOME$/.sdkman/candidates/java/17.0.6-tem/lib/src.zip!/jdk.jfr" type="simple" />
            <root url="jar://$USER_HOME$/.sdkman/candidates/java/17.0.6-tem/lib/src.zip!/jdk.net" type="simple" />
            <root url="jar://$USER_HOME$/.sdkman/candidates/java/17.0.6-tem/lib/src.zip!/java.rmi" type="simple" />
            <root url="jar://$USER_HOME$/.sdkman/candidates/java/17.0.6-tem/lib/src.zip!/java.sql" type="simple" />
            <root url="jar://$USER_HOME$/.sdkman/candidates/java/17.0.6-tem/lib/src.zip!/java.xml" type="simple" />
            <root url="jar://$USER_HOME$/.sdkman/candidates/java/17.0.6-tem/lib/src.zip!/jdk.jcmd" type="simple" />
            <root url="jar://$USER_HOME$/.sdkman/candidates/java/17.0.6-tem/lib/src.zip!/jdk.sctp" type="simple" />
            <root url="jar://$USER_HOME$/.sdkman/candidates/java/17.0.6-tem/lib/src.zip!/java.base" type="simple" />
            <root url="jar://$USER_HOME$/.sdkman/candidates/java/17.0.6-tem/lib/src.zip!/jdk.jdeps" type="simple" />
            <root url="jar://$USER_HOME$/.sdkman/candidates/java/17.0.6-tem/lib/src.zip!/jdk.jlink" type="simple" />
            <root url="jar://$USER_HOME$/.sdkman/candidates/java/17.0.6-tem/lib/src.zip!/jdk.zipfs" type="simple" />
            <root url="jar://$USER_HOME$/.sdkman/candidates/java/17.0.6-tem/lib/src.zip!/java.prefs" type="simple" />
            <root url="jar://$USER_HOME$/.sdkman/candidates/java/17.0.6-tem/lib/src.zip!/jdk.attach" type="simple" />
            <root url="jar://$USER_HOME$/.sdkman/candidates/java/17.0.6-tem/lib/src.zip!/jdk.jshell" type="simple" />
            <root url="jar://$USER_HOME$/.sdkman/candidates/java/17.0.6-tem/lib/src.zip!/jdk.jstatd" type="simple" />
            <root url="jar://$USER_HOME$/.sdkman/candidates/java/17.0.6-tem/lib/src.zip!/jdk.random" type="simple" />
            <root url="jar://$USER_HOME$/.sdkman/candidates/java/17.0.6-tem/lib/src.zip!/java.naming" type="simple" />
            <root url="jar://$USER_HOME$/.sdkman/candidates/java/17.0.6-tem/lib/src.zip!/jdk.editpad" type="simple" />
            <root url="jar://$USER_HOME$/.sdkman/candidates/java/17.0.6-tem/lib/src.zip!/jdk.jartool" type="simple" />
            <root url="jar://$USER_HOME$/.sdkman/candidates/java/17.0.6-tem/lib/src.zip!/jdk.javadoc" type="simple" />
            <root url="jar://$USER_HOME$/.sdkman/candidates/java/17.0.6-tem/lib/src.zip!/jdk.xml.dom" type="simple" />
            <root url="jar://$USER_HOME$/.sdkman/candidates/java/17.0.6-tem/lib/src.zip!/java.desktop" type="simple" />
            <root url="jar://$USER_HOME$/.sdkman/candidates/java/17.0.6-tem/lib/src.zip!/java.logging" type="simple" />
            <root url="jar://$USER_HOME$/.sdkman/candidates/java/17.0.6-tem/lib/src.zip!/jdk.charsets" type="simple" />
            <root url="jar://$USER_HOME$/.sdkman/candidates/java/17.0.6-tem/lib/src.zip!/jdk.compiler" type="simple" />
            <root url="jar://$USER_HOME$/.sdkman/candidates/java/17.0.6-tem/lib/src.zip!/jdk.dynalink" type="simple" />
            <root url="jar://$USER_HOME$/.sdkman/candidates/java/17.0.6-tem/lib/src.zip!/jdk.jconsole" type="simple" />
            <root url="jar://$USER_HOME$/.sdkman/candidates/java/17.0.6-tem/lib/src.zip!/jdk.jpackage" type="simple" />
            <root url="jar://$USER_HOME$/.sdkman/candidates/java/17.0.6-tem/lib/src.zip!/jdk.jsobject" type="simple" />
            <root url="jar://$USER_HOME$/.sdkman/candidates/java/17.0.6-tem/lib/src.zip!/java.compiler" type="simple" />
            <root url="jar://$USER_HOME$/.sdkman/candidates/java/17.0.6-tem/lib/src.zip!/java.net.http" type="simple" />
            <root url="jar://$USER_HOME$/.sdkman/candidates/java/17.0.6-tem/lib/src.zip!/jdk.crypto.ec" type="simple" />
            <root url="jar://$USER_HOME$/.sdkman/candidates/java/17.0.6-tem/lib/src.zip!/java.scripting" type="simple" />
            <root url="jar://$USER_HOME$/.sdkman/candidates/java/17.0.6-tem/lib/src.zip!/jdk.httpserver" type="simple" />
            <root url="jar://$USER_HOME$/.sdkman/candidates/java/17.0.6-tem/lib/src.zip!/jdk.jdwp.agent" type="simple" />
            <root url="jar://$USER_HOME$/.sdkman/candidates/java/17.0.6-tem/lib/src.zip!/jdk.localedata" type="simple" />
            <root url="jar://$USER_HOME$/.sdkman/candidates/java/17.0.6-tem/lib/src.zip!/jdk.management" type="simple" />
            <root url="jar://$USER_HOME$/.sdkman/candidates/java/17.0.6-tem/lib/src.zip!/jdk.naming.dns" type="simple" />
            <root url="jar://$USER_HOME$/.sdkman/candidates/java/17.0.6-tem/lib/src.zip!/jdk.naming.rmi" type="simple" />
            <root url="jar://$USER_HOME$/.sdkman/candidates/java/17.0.6-tem/lib/src.zip!/java.instrument" type="simple" />
            <root url="jar://$USER_HOME$/.sdkman/candidates/java/17.0.6-tem/lib/src.zip!/java.management" type="simple" />
            <root url="jar://$USER_HOME$/.sdkman/candidates/java/17.0.6-tem/lib/src.zip!/java.sql.rowset" type="simple" />
            <root url="jar://$USER_HOME$/.sdkman/candidates/java/17.0.6-tem/lib/src.zip!/java.xml.crypto" type="simple" />
            <root url="jar://$USER_HOME$/.sdkman/candidates/java/17.0.6-tem/lib/src.zip!/jdk.internal.ed" type="simple" />
            <root url="jar://$USER_HOME$/.sdkman/candidates/java/17.0.6-tem/lib/src.zip!/jdk.internal.le" type="simple" />
            <root url="jar://$USER_HOME$/.sdkman/candidates/java/17.0.6-tem/lib/src.zip!/jdk.nio.mapmode" type="simple" />
            <root url="jar://$USER_HOME$/.sdkman/candidates/java/17.0.6-tem/lib/src.zip!/jdk.unsupported" type="simple" />
            <root url="jar://$USER_HOME$/.sdkman/candidates/java/17.0.6-tem/lib/src.zip!/java.smartcardio" type="simple" />
            <root url="jar://$USER_HOME$/.sdkman/candidates/java/17.0.6-tem/lib/src.zip!/jdk.internal.opt" type="simple" />
            <root url="jar://$USER_HOME$/.sdkman/candidates/java/17.0.6-tem/lib/src.zip!/java.datatransfer" type="simple" />
            <root url="jar://$USER_HOME$/.sdkman/candidates/java/17.0.6-tem/lib/src.zip!/jdk.accessibility" type="simple" />
            <root url="jar://$USER_HOME$/.sdkman/candidates/java/17.0.6-tem/lib/src.zip!/jdk.hotspot.agent" type="simple" />
            <root url="jar://$USER_HOME$/.sdkman/candidates/java/17.0.6-tem/lib/src.zip!/jdk.security.auth" type="simple" />
            <root url="jar://$USER_HOME$/.sdkman/candidates/java/17.0.6-tem/lib/src.zip!/jdk.security.jgss" type="simple" />
            <root url="jar://$USER_HOME$/.sdkman/candidates/java/17.0.6-tem/lib/src.zip!/java.security.jgss" type="simple" />
            <root url="jar://$USER_HOME$/.sdkman/candidates/java/17.0.6-tem/lib/src.zip!/java.security.sasl" type="simple" />
            <root url="jar://$USER_HOME$/.sdkman/candidates/java/17.0.6-tem/lib/src.zip!/jdk.internal.vm.ci" type="simple" />
            <root url="jar://$USER_HOME$/.sdkman/candidates/java/17.0.6-tem/lib/src.zip!/jdk.management.jfr" type="simple" />
            <root url="jar://$USER_HOME$/.sdkman/candidates/java/17.0.6-tem/lib/src.zip!/java.management.rmi" type="simple" />
            <root url="jar://$USER_HOME$/.sdkman/candidates/java/17.0.6-tem/lib/src.zip!/java.transaction.xa" type="simple" />
            <root url="jar://$USER_HOME$/.sdkman/candidates/java/17.0.6-tem/lib/src.zip!/jdk.crypto.cryptoki" type="simple" />
            <root url="jar://$USER_HOME$/.sdkman/candidates/java/17.0.6-tem/lib/src.zip!/jdk.incubator.vector" type="simple" />
            <root url="jar://$USER_HOME$/.sdkman/candidates/java/17.0.6-tem/lib/src.zip!/jdk.internal.jvmstat" type="simple" />
            <root url="jar://$USER_HOME$/.sdkman/candidates/java/17.0.6-tem/lib/src.zip!/jdk.management.agent" type="simple" />
            <root url="jar://$USER_HOME$/.sdkman/candidates/java/17.0.6-tem/lib/src.zip!/jdk.incubator.foreign" type="simple" />
            <root url="jar://$USER_HOME$/.sdkman/candidates/java/17.0.6-tem/lib/src.zip!/jdk.unsupported.desktop" type="simple" />
            <root url="jar://$USER_HOME$/.sdkman/candidates/java/17.0.6-tem/lib/src.zip!/jdk.internal.vm.compiler" type="simple" />
            <root url="jar://$USER_HOME$/.sdkman/candidates/java/17.0.6-tem/lib/src.zip!/jdk.internal.vm.compiler.management" type="simple" />
          </root>
        </sourcePath>
      </roots>
      <additional />
    </jdk>
  </component>
</application>