<application>
  <component name="LafManager" autodetect="false">
    <laf class-name="com.intellij.ide.ui.laf.darcula.DarculaLaf" themeId="idea-theme" />
    <lafs-to-previous-schemes>
      <laf-to-scheme laf="Darcula" scheme="MyTheme+++" />
      <laf-to-scheme laf="Gerry Darcula" scheme="_@user_Gerry Darcula" />
      <laf-to-scheme laf="Gerry Dark" scheme="_@user_Gerry Dark" />
      <laf-to-scheme laf="Gerry Oceanic" scheme="_@user_Gerry Oceanic" />
      <laf-to-scheme laf="Gerry Storm" scheme="_@user_Gerry Storm" />
      <laf-to-scheme laf="Gerry Violet" scheme="_@user_Gerry Violet" />
      <laf-to-scheme laf="Gerry* Light" scheme="_@user_Gerry Light" />
      <laf-to-scheme laf="Legacy Gerry Darcula" scheme="_@user_Gerry Darcula" />
      <laf-to-scheme laf="Legacy Gerry Dark" scheme="_@user_Gerry Dark" />
      <laf-to-scheme laf="Legacy Gerry Violet" scheme="_@user_Gerry Violet" />
      <laf-to-scheme laf="Legacy Gerry* Light" scheme="_@user_Gerry Light" />
      <laf-to-scheme laf="TobiasIdeaTheme" scheme="MyTheme+++" />
    </lafs-to-previous-schemes>
  </component>
</application>