<application>
  <component name="UISettings">
    <option name="compactTreeIndents" value="true" />
    <option name="EDITOR_TAB_PLACEMENT" value="0" />
    <option name="HIDE_TOOL_STRIPES" value="true" />
    <option name="OVERRIDE_NONIDEA_LAF_FONTS" value="true" />
    <option name="SEPARATE_MAIN_MENU" value="true" />
    <option name="SHOW_MAIN_MENU" value="false" />
    <option name="SHOW_NAVIGATION_BAR" value="false" />
    <option name="UI_DENSITY" value="COMPACT" />
  </component>
</application>